trigrama,frequencia
person zoey drydock,15451
work order triage,12555
calendar meeting request,11686
meeting request person,11686
person gabriel sonar,11405
person owen hatch,9259
triage vendor dispatch,8979
order triage vendor,8903
person evelyn dock,7585
zoey drydock person,7065
drydock person zoey,6002
gabriel sonar person,5402
fence irrigation txt,4456
owen hatch person,4314
sonar person gabriel,4266
crop irrigation txt,4198
vendor dispatch updates,3849
person olivia keel,3744
propose meeting person,3574
person victoria rigging,3504
person liam anchor,3448
person david breakwater,3445
person chloe ballast,3442
person matthew tide,3401
person daniel gangway,3388
person levi signal,3365
person noah mariner,3186
person william rudder,3186
evelyn dock person,3171
person james stern,3167
person ella pilot,3134
person jack helm,3112
hatch person owen,3112
person mia fender,3093
person julian seaway,3088
person alexander jetty,3076
person benjamin mooring,3059
person lily anchorline,3058
wheat manure txt,3029
person scarlett wharf,2964
person sebastian cutter,2962
propose meeting 2046,2957
person nora bulkhead,2957
person charlotte current,2947
person harper oar,2943
person emma harbor,2884
person aria towline,2874
person dylan hawser,2854
person michael capstan,2850
person audrey portside,2843
