bigrama,frequencia
person zoey,15451
zoey drydock,15451
work order,12555
order triage,12555
calendar meeting,11686
meeting request,11686
request person,11686
person gabriel,11405
gabriel sonar,11405
vendor dispatch,9743
person owen,9259
owen hatch,9259
triage vendor,8979
irrigation txt,8654
person evelyn,7585
evelyn dock,7585
general operations,7430
2046 06,7147
drydock person,7065
agent person,6863
sla tracking,6571
2046 05,6550
propose meeting,6531
maintenance requests,6261
sonar person,5402
fence irrigation,4456
hatch person,4314
crop irrigation,4198
follow up,3942
dispatch updates,3849
advice person,3822
person olivia,3744
olivia keel,3744
victoria rigging,3672
suggest contacts,3617
david breakwater,3613
meeting person,3574
person victoria,3504
person liam,3448
liam anchor,3448
person david,3445
person chloe,3442
chloe ballast,3442
person matthew,3401
matthew tide,3401
person daniel,3388
daniel gangway,3388
person levi,3365
levi signal,3365
alexander jetty,3244
